id,date,title,context,decision,alternatives,rationale_reconstruction,outcome,criticism,scale,durability,strategic_leverage,counterfactual,stakeholder_breadth,impact_score,risk,reversibility,confidence,sources
kissinger_1969_secret_vietnam_talks,1969,Opening secret Paris contacts with North Vietnam,Public talks were stalled and Nixon sought a private channel.,Established secret negotiations with North Vietnamese representatives.,Rely only on public talks; escalate first; withdraw unilaterally.,Separate exploratory diplomacy from public political constraints.,Created a sustained negotiating channel that eventually contributed to the Paris settlement.,Talks lasted years while the war continued at high human cost.,9,8,9,9,9,87,High,Medium,Very High,U.S. Office of the Historian — Vietnam/Kissinger-Le Duc Tho negotiations
kissinger_1969_vietnamization,1969-1970,Backing Vietnamization,Nixon sought to reduce U.S. exposure while preserving South Vietnamese viability.,Supported negotiations plus troop withdrawal and South Vietnamese buildup.,Immediate withdrawal; indefinite escalation; abandon South Vietnam.,Shift combat responsibility without surrendering leverage immediately.,U.S. troop levels fell but the war continued until 1975.,Strategy prolonged the war and did not produce durable South Vietnamese survival.,9,7,9,9,9,85,Very High,Medium,Very High,U.S. Office of the Historian — Ending the Vietnam War
kissinger_1970_cambodia,1970,Supporting pressure on Cambodian sanctuaries,North Vietnamese forces used bases and routes in Cambodia.,Supported secret bombing and cross-border pressure.,Avoid Cambodia; negotiate restrictions; expand elsewhere.,Disrupt logistics and signal willingness to escalate.,Operations disrupted logistics temporarily but expanded the war geographically.,Secrecy civilian harm and escalation were major controversies.,9,6,8,8,9,79,Very High,Low,Very High,U.S. Office of the Historian — Ending the Vietnam War
kissinger_1971_china_secret_trip,1971,Making the secret opening to Beijing,U.S.-China relations were frozen while USSR rivalry persisted.,Made secret trips to Beijing to explore normalization.,Public talks only; wait; preserve status quo.,Exploit triangular diplomacy and create a new strategic option.,Prepared Nixon's 1972 China visit and Shanghai Communiqué.,Secrecy and geopolitical bargaining created legitimacy and Taiwan tensions.,10,9,10,10,10,98,Very High,Low,Very High,U.S. Office of the Historian — Rapprochement with China
kissinger_1971_bangladesh,1971,Prioritizing the Pakistan channel during the South Asia crisis,War erupted around East Pakistan while Pakistan was an important bridge to Beijing.,Favored preserving relations with Pakistan despite humanitarian pressure.,Publicly condemn Pakistan; prioritize India; reduce China channel.,Protect the bridge to Beijing and avoid losing Pakistani cooperation.,China channel remained intact but U.S. policy drew severe criticism over Bangladesh.,Realpolitik was judged to have overridden humanitarian concerns.,8,6,8,8,9,76,High,Low,Very High,U.S. Office of the Historian — South Asia Crisis | FRUS South Asia documents
kissinger_1972_china_opening,1972,Executing the strategic opening to China,U.S.-China hostility constrained U.S. options against the USSR.,Helped prepare and execute Nixon's Beijing visit and Shanghai Communiqué.,Maintain isolation; formal alliance; immediate full normalization.,Use limited rapprochement to alter Cold War geometry.,Relations shifted fundamentally; formal normalization followed in 1979.,Taiwan remained unresolved; approach relied heavily on secrecy.,10,10,10,10,10,100,Very High,Medium,Very High,U.S. Office of the Historian — Rapprochement with China
kissinger_1972_moscow_detente,1972,Advancing détente with the USSR,The U.S. and USSR needed mechanisms to limit strategic competition.,Helped prepare Moscow summit and negotiate strategic understandings.,Intensify confrontation; delay arms talks; unilateral concessions.,Stabilize rivalry through reciprocal limits.,Détente and arms-control agreements advanced significantly.,Critics argued détente legitimized Soviet power.,10,9,10,9,10,96,Very High,Medium,Very High,U.S. Office of the Historian — Détente and Arms Control | FRUS Soviet Union 1972-1974
kissinger_1972_linebacker,1972,Supporting intensified military pressure in Vietnam,North Vietnam's Easter Offensive threatened South Vietnam and negotiations stalled.,Backed mining and sustained air operations while pursuing diplomacy.,Accept setback; immediate compromise; expand ground war.,Improve bargaining leverage through calibrated coercion.,North Vietnamese forces were blunted and serious negotiations resumed.,Escalation imposed major costs without guaranteeing durable settlement.,9,7,9,9,9,85,Very High,Low,Very High,U.S. Office of the Historian — Ending the Vietnam War
kissinger_1973_paris_accords,1973,Concluding the Paris Peace Accords,Years of negotiation produced a framework for U.S. withdrawal.,Negotiated settlement permitting U.S. withdrawal while leaving major issues unresolved.,Continue war; immediate withdrawal; different ceasefire.,Secure U.S. exit with residual deterrence and face-saving terms.,Accords were signed January 27 1973; U.S. combat involvement ended.,Settlement did not produce stable peace; South Vietnam fell in 1975.,10,7,10,10,10,92,Very High,Very Low,Very High,U.S. Office of the Historian — Vietnam/Kissinger-Le Duc Tho negotiations
kissinger_1973_october_crisis,1973,Managing the October Arab-Israeli War,Arab attacks created risk of superpower confrontation and regional collapse.,Balanced support for Israel with concern about Soviet intervention and future U.S. leverage.,Fully back Israel; pressure Israel immediately; remain neutral.,Prevent catastrophic escalation while positioning the U.S. as indispensable mediator.,Crisis evolved into a U.S.-led diplomatic process.,Arms resupply and nuclear-alert decisions remain controversial.,10,8,10,9,10,94,Very High,Low,Very High,U.S. Office of the Historian — Arab-Israeli War 1973
kissinger_1973_egypt_channel,1973,Using high-level channels with Egypt,Postwar diplomacy required direct U.S.-Egyptian contact and workable ceasefire arrangements.,Negotiated a six-point program and restored U.S.-Egyptian diplomatic relations.,Continue Soviet-led mediation; delay relations; seek comprehensive treaty first.,Move incrementally and lock in concrete military steps.,Created a basis for disengagement and a new U.S.-Egypt relationship.,Incremental agreements left major issues unresolved.,9,8,10,9,9,90,High,Medium,Very High,U.S. Office of the Historian — 1973 Middle East historical documents
kissinger_1974_shuttle,1974,Launching Middle East shuttle diplomacy,Postwar ceasefire lines remained unstable and U.S. influence could be decisive.,Shuttled among capitals to negotiate disengagement.,Multilateral conference first; defer mediation; Soviet-led process.,Exploit direct access and sequencing to create reversible stabilizing steps.,Egyptian-Israeli and Syrian-Israeli disengagement agreements were achieved in 1974.,Bilateral sequencing left Palestinian and broader issues unresolved.,10,9,10,9,10,96,Very High,Medium,Very High,U.S. Office of the Historian — Shuttle Diplomacy
kissinger_1975_helsinki,1975,Supporting the Helsinki framework,U.S.-Soviet détente required a broader European security arrangement.,Supported negotiations leading to the Helsinki Final Act.,Reject recognition of borders; postpone talks; confront USSR.,Trade formal stability for longer-term cooperation and commitments that could create future pressure.,Helsinki created a durable European diplomatic framework.,Critics argued it legitimized Soviet territorial gains.,9,9,9,9,10,91,High,High,High,U.S. Department of State — European security/détente histories
kissinger_1973_chile,1970-1973,Backing covert pressure against Allende's Chile,The Nixon administration feared Chile as a model for left-wing change.,Supported covert and political-economic efforts to limit Allende.,Accept government; direct confrontation; no covert action.,Limit perceived strategic spread without direct intervention.,Allende was overthrown in 1973; Pinochet established military rule.,Highly controversial due to covert interference and human-rights consequences.,9,7,9,9,8,84,Very High,Low,Very High,U.S. Office of the Historian — Allende and Pinochet | FRUS Chile documents
kissinger_1972_salt_i,1972,Supporting SALT I and the Anti-Ballistic Missile Treaty framework,Strategic competition with the USSR created risks of arms-race escalation.,Helped negotiate limitations on strategic arms and anti-ballistic missile systems.,Continue unlimited buildup; unilateral disarmament; delay arms control.,Create bounded strategic competition and predictable rules while preserving deterrence.,SALT I and the ABM Treaty became major pillars of détente.,Limits were incomplete and did not end the arms race.,9,9,10,9,10,93,High,Medium,Very High,U.S. Office of the Historian — Détente and Arms Control | FRUS Soviet Union 1972-1974
